frame,phase,left_vx_wrist,left_vy_wrist,left_vz_wrist,left_nx_palm,left_ny_palm,left_nz_palm,left_dx_path,left_dy_path,left_dz_path,right_vx_wrist,right_vy_wrist,right_vz_wrist,right_nx_palm,right_ny_palm,right_nz_palm,right_dx_path,right_dy_path,right_dz_path,right_x_0,right_y_0,right_z_0,right_x_1,right_y_1,right_z_1,right_x_2,right_y_2,right_z_2,right_x_3,right_y_3,right_z_3,right_x_4,right_y_4,right_z_4,right_x_5,right_y_5,right_z_5,right_x_6,right_y_6,right_z_6,right_x_7,right_y_7,right_z_7,right_x_8,right_y_8,right_z_8,right_x_9,right_y_9,right_z_9,right_x_10,right_y_10,right_z_10,right_x_11,right_y_11,right_z_11,right_x_12,right_y_12,right_z_12,right_x_13,right_y_13,right_z_13,right_x_14,right_y_14,right_z_14,right_x_15,right_y_15,right_z_15,right_x_16,right_y_16,right_z_16,right_x_17,right_y_17,right_z_17,right_x_18,right_y_18,right_z_18,right_x_19,right_y_19,right_z_19,right_x_20,right_y_20,right_z_20
12,1,0.0,0.0,0.0,0.0,0.0,0.0,0.0,0.0,0.0,0.014109760522842407,-0.023812174797058105,4.6457074631689466e-08,0.6156692504882812,0.059995900839567184,-0.7857174873352051,0.0,0.0,0.0,0.0,0.0,0.0,0.09387215226888657,-0.1255800873041153,-0.002215552143752575,0.12659025192260742,-0.334871381521225,0.007628694176673889,0.14079824090003967,-0.4632434844970703,0.009907886385917664,0.156218022108078,-0.5608314275741577,0.011416218243539333,0.09443178027868271,-0.5158538222312927,0.03460484370589256,0.11311299353837967,-0.6935845613479614,0.013879325240850449,0.12950004637241364,-0.8201311826705933,-0.010197147727012634,0.14256402850151062,-0.9318186044692993,-0.02890169247984886,0.06244833022356033,-0.5243021845817566,0.014290946535766125,0.0833396166563034,-0.7195350527763367,-0.005821007303893566,0.10293294489383698,-0.8602473735809326,-0.031166765838861465,0.12064111977815628,-0.9914441108703613,-0.049842432141304016,0.028361191973090172,-0.5081129670143127,-0.01239907555282116,0.05193442106246948,-0.6973026394844055,-0.03547241911292076,0.07486516982316971,-0.8287671208381653,-0.05427445471286774,0.09356512874364853,-0.9490492343902588,-0.06661535799503326,-0.006804754491895437,-0.473347544670105,-0.04147596284747124,0.01869996078312397,-0.6357338428497314,-0.06185021996498108,0.04087718576192856,-0.7463057041168213,-0.07092950493097305,0.06166539341211319,-0.8463586568832397,-0.0771414041519165
13,1,0.0,0.0,0.0,0.0,0.0,0.0,0.0,0.0,0.0,0.015745967626571655,-0.012512236833572388,-2.2653054543297912e-08,0.6383094787597656,0.06984744220972061,-0.766604483127594,0.015745967626571655,-0.012512236833572388,-2.2653054543297912e-08,0.0,0.0,0.0,0.09318850189447403,-0.1148843765258789,-0.0014390446012839675,0.12625592947006226,-0.3124156594276428,0.0077680121175944805,0.13953088223934174,-0.4437178671360016,0.009136187843978405,0.15478754043579102,-0.54503333568573,0.010670599527657032,0.1016872376203537,-0.5017309188842773,0.03895530104637146,0.12380337715148926,-0.6837347745895386,0.01973021775484085,0.1416798233985901,-0.812614917755127,-0.0030404492281377316,0.15539813041687012,-0.9274413585662842,-0.02084224857389927,0.07395254820585251,-0.5172833204269409,0.01860278658568859,0.09944422543048859,-0.7167405486106873,0.0007083898526616395,0.12151752412319183,-0.8576082587242126,-0.022314008325338364,0.14151814579963684,-0.9891407489776611,-0.0396636426448822,0.042654696851968765,-0.5139147043228149,-0.008301098830997944,0.07073403894901276,-0.7072964906692505,-0.028644990175962448,0.09642894566059113,-0.8365110754966736,-0.04473225399851799,0.11854495853185654,-0.9533364772796631,-0.05518658831715584,0.008799383416771889,-0.49604228138923645,-0.037869010120630264,0.03829590976238251,-0.6622549295425415,-0.05500645935535431,0.06380501389503479,-0.769353985786438,-0.06169208139181137,0.08851952105760574,-0.8629825115203857,-0.06626909226179123
14,1,0.0,0.0,0.0,0.0,0.0,0.0,0.0,0.0,0.0,0.010873675346374512,-0.0073303282260894775,-1.5504710404457e-08,0.625497043132782,0.07062909752130508,-0.777023196220398,0.026619642972946167,-0.019842565059661865,-3.815776494775491e-08,0.0,0.0,0.0,0.088597372174263,-0.0974855050444603,-0.0003687608696054667,0.12953004240989685,-0.3016507029533386,0.012803933583199978,0.14858749508857727,-0.42912596464157104,0.018276678398251534,0.16329696774482727,-0.5252814292907715,0.02427351288497448,0.11325570195913315,-0.502284049987793,0.04551374539732933,0.14195415377616882,-0.6801701188087463,0.03075956553220749,0.16266314685344696,-0.8084547519683838,0.010495828464627266,0.17647628486156464,-0.919249951839447,-0.005612972658127546,0.08679471164941788,-0.5226827263832092,0.02554638683795929,0.11730046570301056,-0.7213003039360046,0.01269513089209795,0.14193449914455414,-0.8595476746559143,-0.007150064688175917,0.16345928609371185,-0.9862974286079407,-0.02232760563492775,0.05456383153796196,-0.5226196646690369,-0.0013536206679418683,0.08810524642467499,-0.7156904339790344,-0.017596006393432617,0.11593560129404068,-0.8395941853523254,-0.031304359436035156,0.13933049142360687,-0.95234614610672,-0.04041288048028946,0.018644219264388084,-0.5073024034500122,-0.031103847548365593,0.05524230748414993,-0.6732166409492493,-0.04541471600532532,0.08292386680841446,-0.7768831849098206,-0.05020328238606453,0.10972409695386887,-0.8687267303466797,-0.0536075085401535
15,1,0.0,0.0,0.0,0.0,0.0,0.0,0.0,0.0,0.0,0.008173555135726929,0.00019231438636779785,-3.985057617228449e-09,0.6651214361190796,0.07505910098552704,-0.742953360080719,0.034793198108673096,-0.019650250673294067,-4.214282256498336e-08,0.0,0.0,0.0,0.08936163783073425,-0.09775138646364212,0.0016106070252135396,0.12906323373317719,-0.2956084907054901,0.015536470338702202,0.1457662135362625,-0.4230140447616577,0.020885832607746124,0.1598031371831894,-0.5110382437705994,0.026791784912347794,0.11272358149290085,-0.5008308291435242,0.050316695123910904,0.14447228610515594,-0.6839717626571655,0.03604826331138611,0.16950491070747375,-0.8115161657333374,0.016124233603477478,0.18560555577278137,-0.9230339527130127,0.00045158638386055827,0.08735351264476776,-0.5234717726707458,0.028593961149454117,0.12253325432538986,-0.7223183512687683,0.014927524141967297,0.15132670104503632,-0.8592678904533386,-0.005550568923354149,0.1753266155719757,-0.9842984080314636,-0.020428258925676346,0.057127971202135086,-0.5281223654747009,-0.0001853898720582947,0.0936792716383934,-0.7256208062171936,-0.017521517351269722,0.1247033104300499,-0.8517287373542786,-0.03206847608089447,0.15063144266605377,-0.9631161093711853,-0.04074768349528313,0.02312815934419632,-0.5193600654602051,-0.031764667481184006,0.061007462441921234,-0.6925522685050964,-0.04630723595619202,0.09071481227874756,-0.8002470135688782,-0.05140592157840729,0.12055765837430954,-0.8925899863243103,-0.05462368205189705
16,1,0.0,0.0,0.0,0.0,0.0,0.0,0.0,0.0,0.0,0.005548655986785889,0.0001112222671508789,-4.4636294660449494e-10,0.6432445645332336,0.0816175788640976,-0.7612982392311096,0.040341854095458984,-0.01953902840614319,-4.258918551158786e-08,0.0,0.0,0.0,0.08837535232305527,-0.08781731128692627,0.0010745673207566142,0.13082484900951385,-0.2788364589214325,0.012786570936441422,0.14930692315101624,-0.4028666615486145,0.016416804865002632,0.1682804971933365,-0.498797208070755,0.02106424607336521,0.11983244866132736,-0.49432340264320374,0.04825453460216522,0.15684011578559875,-0.6745789051055908,0.033379215747117996,0.1839647889137268,-0.7967343330383301,0.013384295627474785,0.2009643167257309,-0.9024460911750793,-0.0016913937870413065,0.09500867128372192,-0.5216292142868042,0.027492176741361618,0.13371682167053223,-0.7235072255134583,0.015082837082445621,0.16294816136360168,-0.8587812781333923,-0.0038112050388008356,0.1862313151359558,-0.9823501110076904,-0.017497774213552475,0.06522585451602936,-0.5316158533096313,-0.0001886205282062292,0.10533004999160767,-0.7316541075706482,-0.014600414782762527,0.13611845672130585,-0.8579137921333313,-0.026662493124604225,0.16154947876930237,-0.9713865518569946,-0.034096114337444305,0.030436808243393898,-0.5258927345275879,-0.03066312149167061,0.06889745593070984,-0.6954649090766907,-0.04183189943432808,0.09886372089385986,-0.8009495735168457,-0.044196102768182755,0.12873899936676025,-0.8941108584403992,-0.0454493872821331
17,1,0.0,0.0,0.0,0.0,0.0,0.0,0.0,0.0,0.0,0.0041664838790893555,0.001834869384765625,1.049471620717668e-10,0.6239489316940308,0.08328113704919815,-0.7770147919654846,0.04450833797454834,-0.017704159021377563,-4.248423834951609e-08,0.0,0.0,0.0,0.0887622982263565,-0.08453871309757233,-0.002995647257193923,0.13372226059436798,-0.2767750322818756,0.007700589019805193,0.1536061316728592,-0.40998923778533936,0.010929557494819164,0.1720697581768036,-0.5189321637153625,0.015522027388215065,0.12466101348400116,-0.4924249053001404,0.047325219959020615,0.16377517580986023,-0.6721140742301941,0.03234346956014633,0.1904096156358719,-0.7966715693473816,0.012463485822081566,0.20478790998458862,-0.9066619873046875,-0.002371955895796418,0.10083524882793427,-0.5214186310768127,0.028314126655459404,0.14347848296165466,-0.722443699836731,0.015022484585642815,0.17330500483512878,-0.8566398620605469,-0.0035276419948786497,0.1946990042924881,-0.9807268977165222,-0.016338065266609192,0.0710047259926796,-0.5329103469848633,0.0017756251618266106,0.11601244658231735,-0.7327072620391846,-0.013386695645749569,0.14749549329280853,-0.8611995577812195,-0.02531418390572071,0.1715223640203476,-0.9781202077865601,-0.032079245895147324,0.03587091341614723,-0.5299909114837646,-0.028000274673104286,0.07800977677106857,-0.7028053402900696,-0.03977913782000542,0.1102522611618042,-0.8107635974884033,-0.042520277202129364,0.14151278138160706,-0.9066647291183472,-0.04353993013501167
18,1,0.0,0.0,0.0,0.0,0.0,0.0,0.0,0.0,0.0,0.001878291368484497,0.0004074275493621826,-9.371998288543182e-09,0.6317600607872009,0.09520342946052551,-0.7692955136299133,0.04638662934303284,-0.01729673147201538,-5.185623663805927e-08,0.0,0.0,0.0,0.09120533615350723,-0.07922860980033875,0.001067033619619906,0.13826815783977509,-0.27507883310317993,0.015127812512218952,0.15978391468524933,-0.40769898891448975,0.02135496959090233,0.18134091794490814,-0.507175624370575,0.028344707563519478,0.13250336050987244,-0.48493555188179016,0.04880153015255928,0.1711791455745697,-0.6650309562683105,0.03630784526467323,0.19614635407924652,-0.7896818518638611,0.018088586628437042,0.20813171565532684,-0.8995852470397949,0.0038224095478653908,0.10928959399461746,-0.5145028829574585,0.0282550398260355,0.15375427901744843,-0.7162082195281982,0.01614934206008911,0.1825493425130844,-0.8536404371261597,-0.002496087923645973,0.201559916138649,-0.9793506860733032,-0.015679260715842247,0.07924171537160873,-0.5251937508583069,0.0008783363737165928,0.12656177580356598,-0.7250824570655823,-0.013694070279598236,0.15776608884334564,-0.8580847978591919,-0.027748100459575653,0.18032777309417725,-0.9789617657661438,-0.036597464233636856,0.04291249066591263,-0.5203944444656372,-0.02916036918759346,0.0869961753487587,-0.6912150979042053,-0.041611526161432266,0.11946045607328415,-0.80025714635849,-0.04629627615213394,0.1507529616355896,-0.8983559608459473,-0.04918496310710907
19,1,0.0,0.0,0.0,0.0,0.0,0.0,0.0,0.0,0.0,0.0008630454540252686,0.0005478262901306152,-8.373035598197021e-10,0.6777382493019104,0.10404029488563538,-0.7279055118560791,0.047249674797058105,-0.016748905181884766,-5.2693540197878974e-08,0.0,0.0,0.0,0.090421661734581,-0.08049605041742325,0.0016848706873133779,0.13219216465950012,-0.273081511259079,0.014231338165700436,0.15146879851818085,-0.4054358899593353,0.018879961222410202,0.1737210750579834,-0.5101602673530579,0.024702683091163635,0.1254652738571167,-0.47806236147880554,0.04848826304078102,0.16290874779224396,-0.65552818775177,0.03461458906531334,0.18753807246685028,-0.7817736268043518,0.015549849718809128,0.20012380182743073,-0.894055187702179,0.0005036192014813423,0.103660948574543,-0.5084384083747864,0.027213003486394882,0.14763621985912323,-0.7102097272872925,0.014112052507698536,0.17591488361358643,-0.851167619228363,-0.005295146256685257,0.19533149898052216,-0.9805448651313782,-0.019428132101893425,0.07618842273950577,-0.5202639102935791,-0.0007900518248789012,0.12383554875850677,-0.7192751169204712,-0.01623106375336647,0.1544293314218521,-0.8524230122566223,-0.031002679839730263,0.17621484398841858,-0.97472083568573,-0.040471069514751434,0.04554130882024765,-0.5155477523803711,-0.03128517419099808,0.09241194278001785,-0.6812890768051147,-0.044307343661785126,0.12556318938732147,-0.787693202495575,-0.04960371181368828,0.15649916231632233,-0.8843539953231812,-0.05300786346197128
20,1,0.0,0.0,0.0,0.0,0.0,0.0,0.0,0.0,0.0,-9.867548942565918e-05,-0.001173853874206543,7.558409009789102e-09,0.6603173613548279,0.09985806792974472,-0.7443180084228516,0.047150999307632446,-0.01792275905609131,-4.513513118808987e-08,0.0,0.0,0.0,0.08924463391304016,-0.07537281513214111,0.0005120732239447534,0.13181576132774353,-0.2675073444843292,0.01310803834348917,0.15171517431735992,-0.399442195892334,0.018358254805207253,0.1740020513534546,-0.5036179423332214,0.024658525362610817,0.12424422800540924,-0.4763343334197998,0.046317290514707565,0.16239094734191895,-0.6502472162246704,0.032465677708387375,0.18730567395687103,-0.7771998047828674,0.013372265733778477,0.2000724822282791,-0.8894321322441101,-0.0017622908344492316,0.10272246599197388,-0.5063319206237793,0.02587009221315384,0.14748266339302063,-0.7074939012527466,0.012901430018246174,0.1754249781370163,-0.849934995174408,-0.00666643725708127,0.19434098899364471,-0.9807071089744568,-0.021097566932439804,0.07488656789064407,-0.5172103047370911,-0.0011914914939552546,0.12364228069782257,-0.7148533463478088,-0.017032448202371597,0.1546877920627594,-0.8480495810508728,-0.03247299790382385,0.17636136710643768,-0.971535325050354,-0.042512405663728714,0.042668264359235764,-0.5108121633529663,-0.03067791275680065,0.09033989906311035,-0.6747339367866516,-0.04450425133109093,0.12390124797821045,-0.7796859741210938,-0.05041074380278587,0.15466110408306122,-0.8764697313308716,-0.05431696027517319
21,1,0.0,0.0,0.0,0.0,0.0,0.0,0.0,0.0,0.0,-0.002101719379425049,2.1696090698242188e-05,1.6309940065184492e-08,0.6335559487342834,0.10585300624370575,-0.7664216160774231,0.0450492799282074,-0.017901062965393066,-2.882519112290538e-08,0.0,0.0,0.0,0.09035847336053848,-0.08025762438774109,-0.005286758299916983,0.13447439670562744,-0.26882362365722656,0.003295549424365163,0.15343372523784637,-0.4017171859741211,0.005022887606173754,0.17390497028827667,-0.5107751488685608,0.008062673732638359,0.12719310820102692,-0.467472106218338,0.040578991174697876,0.1659705936908722,-0.6404576301574707,0.02263886108994484,0.1921204924583435,-0.7670841813087463,0.0008627718198113143,0.20783455669879913,-0.8796433210372925,-0.015690878033638,0.10378453880548477,-0.49801817536354065,0.021475758403539658,0.14803102612495422,-0.6997193098068237,0.0036613447591662407,0.17756560444831848,-0.8453659415245056,-0.01871035061776638,0.19988839328289032,-0.9792158603668213,-0.03436439484357834,0.07497545331716537,-0.5093240141868591,-0.00490949209779501,0.12332049012184143,-0.707922101020813,-0.025275003165006638,0.15620210766792297,-0.8439012765884399,-0.04316138103604317,0.18100278079509735,-0.9685877561569214,-0.053922440856695175,0.042909182608127594,-0.5039849877357483,-0.034136511385440826,0.09226541221141815,-0.665769636631012,-0.05110965669155121,0.12762665748596191,-0.772986114025116,-0.059040166437625885,0.16056948900222778,-0.8722452521324158,-0.06391723453998566
22,1,0.0,0.0,0.0,0.0,0.0,0.0,0.0,0.0,0.0,-0.0036128759384155273,0.0005682706832885742,6.752152614808438e-09,0.6145272850990295,0.09642676264047623,-0.7829803228378296,0.04143640398979187,-0.017332792282104492,-2.2073038508096943e-08,0.0,0.0,0.0,0.08464933931827545,-0.08191096037626266,-0.0040729152970016,0.12426014244556427,-0.28790372610092163,0.005803032778203487,0.14080289006233215,-0.42294979095458984,0.009050612337887287,0.16303913295269012,-0.5231073498725891,0.01343093067407608,0.12028056383132935,-0.4731099605560303,0.03613784536719322,0.1531275063753128,-0.6584342122077942,0.01736411452293396,0.1790723353624344,-0.7925112247467041,-0.00382776721380651,0.19566679000854492,-0.9092743396759033,-0.01958439126610756,0.09411545097827911,-0.4971122443675995,0.01643526554107666,0.1339697688817978,-0.7021039128303528,-0.0011543642031028867,0.1631537228822708,-0.848648190498352,-0.022343464195728302,0.18633411824703217,-0.9817898869514465,-0.036990780383348465,0.06348077207803726,-0.5059643983840942,-0.010034339502453804,0.10711648315191269,-0.7087237238883972,-0.028621777892112732,0.13887280225753784,-0.8459352850914001,-0.04412848874926567,0.16446179151535034,-0.9697744250297546,-0.05336776748299599,0.028547359630465508,-0.501894474029541,-0.03940447419881821,0.06835874170064926,-0.6742826700210571,-0.05500581115484238,0.09980838000774384,-0.7889292240142822,-0.06164287030696869,0.13064450025558472,-0.8912102580070496,-0.0655898004770279
23,1,0.0,0.0,0.0,0.0,0.0,0.0,0.0,0.0,0.0,-0.007216215133666992,-0.002562195062637329,4.6563286559830885e-09,0.7013905644416809,0.07755659520626068,-0.7085451483726501,0.03422018885612488,-0.01989498734474182,-1.7416709852113854e-08,0.0,0.0,0.0,0.08109664171934128,-0.09028597921133041,0.0003075027489103377,0.11539581418037415,-0.3036496639251709,0.013958419673144817,0.12945783138275146,-0.4359838366508484,0.020292894914746284,0.14345701038837433,-0.5438476800918579,0.027451245114207268,0.0971437469124794,-0.48180899024009705,0.04342453181743622,0.12057102471590042,-0.6616507768630981,0.027285614982247353,0.14077749848365784,-0.7973430752754211,0.0070449430495500565,0.15486134588718414,-0.9142040014266968,-0.008770240470767021,0.0738406777381897,-0.50055330991745,0.022117022424936295,0.10087838023900986,-0.7039772272109985,0.007332989946007729,0.12716606259346008,-0.8532822132110596,-0.013083130121231079,0.14876540005207062,-0.9884737133979797,-0.028080247342586517,0.045727889984846115,-0.4984756410121918,-0.006020447239279747,0.07803191989660263,-0.701306164264679,-0.024383708834648132,0.1083645299077034,-0.8354533910751343,-0.04058176279067993,0.13211672008037567,-0.9551552534103394,-0.0504964180290699,0.016087034717202187,-0.4810400903224945,-0.036729536950588226,0.04958217218518257,-0.650754451751709,-0.05399185046553612,0.07922784984111786,-0.7639485597610474,-0.06264305114746094,0.10626877844333649,-0.8612841367721558,-0.06822141259908676
24,1,0.0,0.0,0.0,0.0,0.0,0.0,0.0,0.0,0.0,-0.008851587772369385,0.00207558274269104,9.9400239150782e-09,0.651496946811676,0.0667705088853836,-0.7557072043418884,0.025368601083755493,-0.01781940460205078,-7.476685937035654e-09,0.0,0.0,0.0,0.07726997882127762,-0.10023952275514603,-0.004391256254166365,0.10643315315246582,-0.3162047266960144,0.0059934644959867,0.11613480001688004,-0.4537676274776459,0.010751630179584026,0.12818630039691925,-0.562615156173706,0.015774371102452278,0.08218710124492645,-0.48145589232444763,0.028314653784036636,0.10080820322036743,-0.6618293523788452,0.009612667374312878,0.11666013300418854,-0.7980149984359741,-0.011745651252567768,0.12584616243839264,-0.9167624115943909,-0.02829442359507084,0.05530004948377609,-0.49168702960014343,0.009840371087193489,0.07663021236658096,-0.6960321664810181,-0.008751284331083298,0.09632591903209686,-0.8516420125961304,-0.03133852407336235,0.10951200872659683,-0.9928367733955383,-0.047773391008377075,0.02589815855026245,-0.4772869348526001,-0.014466707594692707,0.05341149494051933,-0.6755374073982239,-0.036748044192790985,0.07841415703296661,-0.8126459717750549,-0.05562791973352432,0.09476833790540695,-0.934868574142456,-0.06716209650039673,-0.0018562874756753445,-0.44663184881210327,-0.04106246680021286,0.028952060267329216,-0.610378623008728,-0.06226656213402748,0.05382086709141731,-0.7202188372612,-0.07310666143894196,0.07346981018781662,-0.8125684857368469,-0.07996091991662979
25,1,0.0,0.0,0.0,0.0,0.0,0.0,0.0,0.0,0.0,-0.00636214017868042,0.006028234958648682,-6.2703193748347985e-09,0.6942383646965027,0.055931247770786285,-0.7175686359405518,0.019006460905075073,-0.0117911696434021,-1.3747005311870453e-08,0.0,0.0,0.0,0.07478008419275284,-0.10602380335330963,-0.005496708210557699,0.09717478603124619,-0.3279203474521637,0.0036637147422879934,0.10456839948892593,-0.4691481590270996,0.006728200241923332,0.11387299001216888,-0.5801075100898743,0.009643731638789177,0.06902986019849777,-0.49113744497299194,0.028503546491265297,0.0817156657576561,-0.6683230400085449,0.007245777174830437,0.09407305717468262,-0.8063532114028931,-0.016428934410214424,0.09928958117961884,-0.9260640740394592,-0.03504578024148941,0.043787881731987,-0.49988478422164917,0.008953462354838848,0.06304161250591278,-0.7017641067504883,-0.012957477942109108,0.079454205930233,-0.8546640276908875,-0.038517408072948456,0.08797701448202133,-0.9944908618927002,-0.05699073150753975,0.016347963362932205,-0.48221203684806824,-0.016887012869119644,0.043154485523700714,-0.6799317598342896,-0.043119870126247406,0.06592175364494324,-0.8192757964134216,-0.06568853557109833,0.07866433262825012,-0.9468342661857605,-0.0797458291053772,-0.010421767830848694,-0.44678765535354614,-0.04490801319479942,0.01971985585987568,-0.6077620387077332,-0.06922222673892975,0.04321200028061867,-0.717555820941925,-0.08278314024209976,0.061699893325567245,-0.8151829838752747,-0.0919337347149849
26,1,0.0,0.0,0.0,0.0,0.0,0.0,0.0,0.0,0.0,-0.003205716609954834,0.0046610236167907715,-2.0930180255618325e-08,0.7751416563987732,0.07127668708562851,-0.6277539134025574,0.01580074429512024,-0.007130146026611328,-3.467718556748878e-08,0.0,0.0,0.0,0.07996620982885361,-0.11255556344985962,0.0055894372053444386,0.09597182273864746,-0.32793766260147095,0.016385484486818314,0.10178465396165848,-0.4657236635684967,0.01893637143075466,0.11168604344129562,-0.5756012201309204,0.020769700407981873,0.0721953883767128,-0.4951969087123871,0.0329199954867363,0.08327805250883102,-0.6735107898712158,0.013930561020970345,0.09509522467851639,-0.8000588417053223,-0.0071288649924099445,0.09906765818595886,-0.908737063407898,-0.023691536858677864,0.04769836738705635,-0.5019329190254211,0.007743287831544876,0.06483963876962662,-0.7109504342079163,-0.01120620034635067,0.08122164756059647,-0.8600866198539734,-0.032695796340703964,0.0889163538813591,-0.9948540925979614,-0.04857202619314194,0.020870862528681755,-0.48037320375442505,-0.02308499626815319,0.04516968876123428,-0.6856516599655151,-0.0464276485145092,0.06833931803703308,-0.8252546787261963,-0.06667345017194748,0.08114627003669739,-0.9519957304000854,-0.08014640212059021,-0.004264552146196365,-0.4384399652481079,-0.05504734069108963,0.025362644344568253,-0.6024045944213867,-0.07665201276540756,0.046336084604263306,-0.7136437296867371,-0.08836204558610916,0.060819145292043686,-0.8149579763412476,-0.09719058871269226
27,1,0.0,0.0,0.0,0.0,0.0,0.0,0.0,0.0,0.0,-0.0004800558090209961,0.007339566946029663,-9.043645832207403e-10,0.782524049282074,0.05666651949286461,-0.6200363636016846,0.015320688486099243,0.00020942091941833496,-3.558155015070952e-08,0.0,0.0,0.0,0.08159763365983963,-0.11506643891334534,0.006451483815908432,0.09507080912590027,-0.33171898126602173,0.0179788526147604,0.09617163240909576,-0.47136974334716797,0.02069777436554432,0.10626795887947083,-0.5798393487930298,0.022831261157989502,0.06589623540639877,-0.4990546703338623,0.037555381655693054,0.07912665605545044,-0.6762003898620605,0.0191508699208498,0.09255470335483551,-0.7955214381217957,-0.0016334718093276024,0.09721919894218445,-0.8977863192558289,-0.017665104940533638,0.040582325309515,-0.5086139440536499,0.011891341768205166,0.059605732560157776,-0.7174180150032043,-0.006101358216255903,0.08114560693502426,-0.8641653656959534,-0.02672201208770275,0.09310729801654816,-0.9947748184204102,-0.04188058152794838,0.013702825643122196,-0.48862072825431824,-0.020018426701426506,0.038303639739751816,-0.6959241628646851,-0.04302820563316345,0.0664081946015358,-0.8366535305976868,-0.06383627653121948,0.08395760506391525,-0.9615835547447205,-0.07752341032028198,-0.00944776926189661,-0.4501628875732422,-0.053065069019794464,0.021147293969988823,-0.622035562992096,-0.0738191306591034,0.04733213782310486,-0.7324225902557373,-0.0854596197605133,0.06789723038673401,-0.8293719291687012,-0.09437160193920135
28,2,0.0,0.0,0.0,0.0,0.0,0.0,0.0,0.0,0.0,0.0009687244892120361,0.01194608211517334,4.475792536595691e-08,0.8293195962905884,5.5922791943885386e-05,-0.5587745904922485,0.0009687244892120361,0.01194608211517334,4.475792536595691e-08,0.0,0.0,0.0,0.08657456934452057,-0.140938863158226,0.013600485399365425,0.0924307331442833,-0.3784126937389374,0.024433830752968788,0.0861671194434166,-0.5318881273269653,0.024487845599651337,0.09691368043422699,-0.6539172530174255,0.025896910578012466,0.029118940234184265,-0.5513970851898193,0.04316243901848793,0.04527368023991585,-0.7498272061347961,0.02374483458697796,0.08425331115722656,-0.8682610392570496,0.005835992284119129,0.11870182305574417,-0.9560506939888,-0.007144319824874401,-0.0009231650037690997,-0.5527840256690979,0.015774978324770927,0.022785650566220284,-0.785085141658783,-0.004338056314736605,0.07967064529657364,-0.9061925411224365,-0.01922161877155304,0.12729665637016296,-0.9914476275444031,-0.028760340064764023,-0.024141257628798485,-0.522481381893158,-0.017755571752786636,0.007217730861157179,-0.7577208280563354,-0.04329904541373253,0.06335077434778214,-0.8656259775161743,-0.056822001934051514,0.10591518878936768,-0.9435532689094543,-0.06383517384529114,-0.03488548472523689,-0.4704986810684204,-0.05182327330112457,0.0011158796260133386,-0.6507988572120667,-0.07451125234365463,0.041352689266204834,-0.752898097038269,-0.08488573879003525,0.07403464615345001,-0.8331565856933594,-0.09161104261875153
29,2,0.0,0.0,0.0,0.0,0.0,0.0,0.0,0.0,0.0,0.0025618672370910645,0.009346157312393188,-8.114057692409915e-08,0.8146529793739319,-0.03453800454735756,-0.5789193511009216,0.0035305917263031006,0.02129223942756653,-3.638265155814224e-08,0.0,0.0,0.0,0.08322373777627945,-0.18787413835525513,0.016184445470571518,0.08870011568069458,-0.46360474824905396,0.019668474793434143,0.07684088498353958,-0.6441956162452698,0.00943109393119812,0.07056235522031784,-0.7902330756187439,0.0018351830076426268,-0.011438275687396526,-0.6842479109764099,0.024725953117012978,0.001262384932488203,-0.959097146987915,-0.019001416862010956,0.09904966503381729,-0.9935559034347534,-0.055096905678510666,0.15910105407238007,-0.9601039886474609,-0.07442571967840195,-0.04333663359284401,-0.6587702631950378,-0.008355866186320782,-0.009854967705905437,-0.9547236561775208,-0.04808555170893669,0.10491868853569031,-0.9606795310974121,-0.07394345104694366,0.16021983325481415,-0.9018954634666443,-0.08796326071023941,-0.06832940876483917,-0.6064972281455994,-0.046162333339452744,-0.024069758132100105,-0.886827290058136,-0.08605600893497467,0.09203514456748962,-0.8813984990119934,-0.09912826865911484,0.14987632632255554,-0.8122217655181885,-0.10193552076816559,-0.081889308989048,-0.528968870639801,-0.08367632329463959,-0.024322934448719025,-0.7425857782363892,-0.11646752804517746,0.06023729220032692,-0.7527339458465576,-0.12124989926815033,0.10644394904375076,-0.6976855397224426,-0.11999540776014328
30,2,0.0,0.0,0.0,0.0,0.0,0.0,0.0,0.0,0.0,-0.003426790237426758,0.01758754253387451,-8.830492248534938e-08,0.9232610464096069,-0.08744151890277863,-0.3740895688533783,0.00010380148887634277,0.03887978196144104,-1.2468757404349162e-07,0.0,0.0,0.0,0.10774551331996918,-0.2368903011083603,0.010831727646291256,0.10285115987062454,-0.495242714881897,0.000563397363293916,0.08979538828134537,-0.6761124730110168,-0.02352159470319748,0.08500389754772186,-0.8249166011810303,-0.04008392244577408,-0.06775661557912827,-0.7403964400291443,0.005839116405695677,0.01811819151043892,-0.9985875487327576,-0.04994622990489006,0.12158992886543274,-0.9415496587753296,-0.08688601106405258,0.15291574597358704,-0.8394783735275269,-0.10352951288223267,-0.09819210320711136,-0.7122409343719482,-0.027546102181077003,0.019173206761479378,-0.9871065616607666,-0.06483584642410278,0.11952296644449234,-0.8732130527496338,-0.06886813044548035,0.12644289433956146,-0.7541327476501465,-0.06747410446405411,-0.10679353028535843,-0.655015230178833,-0.06674546748399734,0.017980528995394707,-0.8824875950813293,-0.10140391439199448,0.09837520122528076,-0.7625647783279419,-0.08046788722276688,0.09290469437837601,-0.6456195712089539,-0.06163506582379341,-0.09761375188827515,-0.5702312588691711,-0.10762418061494827,0.013548146933317184,-0.7387642860412598,-0.1258111596107483,0.07069362699985504,-0.6584131717681885,-0.10221973061561584,0.061531078070402145,-0.5573903322219849,-0.08203122019767761
31,2,0.0,0.0,0.0,0.0,0.0,0.0,0.0,0.0,0.0,0.003627479076385498,0.018770992755889893,-8.404030893416348e-08,0.8771684765815735,-0.15691250562667847,-0.4538215100765228,0.003731280565261841,0.05765077471733093,-2.087278829776551e-07,0.0,0.0,0.0,0.0906645730137825,-0.3227667212486267,-0.007138294167816639,0.06883598864078522,-0.6124457716941833,-0.026050088927149773,0.04395129904150963,-0.8088799118995667,-0.05447964742779732,0.010558473877608776,-0.9845085144042969,-0.07231562584638596,-0.1412816196680069,-0.764965295791626,-0.008583014830946922,-0.010631649754941463,-0.9971785545349121,-0.0743098184466362,0.06512539833784103,-0.8463075757026672,-0.1155165284872055,0.06010423228144646,-0.7336310148239136,-0.1381349414587021,-0.16853196918964386,-0.7025502324104309,-0.03843456879258156,-0.0035973554477095604,-0.9471542239189148,-0.0947171300649643,0.06553596258163452,-0.7677000164985657,-0.10643785446882248,0.04771334305405617,-0.6496163606643677,-0.10863381624221802,-0.17229969799518585,-0.6207370758056641,-0.07570328563451767,-0.0030705267563462257,-0.8298652768135071,-0.1253957599401474,0.04988332837820053,-0.6679230332374573,-0.10345081984996796,0.025293655693531036,-0.5589888095855713,-0.08224708586931229,-0.153161883354187,-0.5211756825447083,-0.11583802849054337,-0.01998993754386902,-0.6820026636123657,-0.14190836250782013,0.023295480757951736,-0.5699777603149414,-0.11847623437643051,0.002393607748672366,-0.4819607138633728,-0.09802350401878357
32,2,0.0,0.0,0.0,0.0,0.0,0.0,0.0,0.0,0.0,3.4421682357788086e-05,0.02249288558959961,-5.334756281172304e-08,0.8082959651947021,-0.15411202609539032,-0.5682491660118103,0.003765702247619629,0.08014366030693054,-2.6207544578937814e-07,0.0,0.0,0.0,0.08225657045841217,-0.3409157991409302,-0.0075197541154921055,0.055537812411785126,-0.6202273368835449,-0.0206669420003891,0.01836840808391571,-0.818080484867096,-0.04366709291934967,-0.03193050995469093,-0.9979062080383301,-0.05624573677778244,-0.1376170665025711,-0.739467442035675,0.004796355031430721,0.002879329724237323,-0.9446477890014648,-0.06229941546916962,0.06453391164541245,-0.7845024466514587,-0.09869381785392761,0.06097472831606865,-0.6785047650337219,-0.11706133186817169,-0.17084011435508728,-0.6680577397346497,-0.020908476784825325,0.01805884577333927,-0.8415622711181641,-0.08183248341083527,0.06253280490636826,-0.6596550345420837,-0.09207159280776978,0.038394950330257416,-0.5688892602920532,-0.09204968810081482,-0.1753135472536087,-0.5742896199226379,-0.056049637496471405,0.017485486343503,-0.7229856848716736,-0.1127142682671547,0.04810135439038277,-0.5549799799919128,-0.09887996315956116,0.016412023454904556,-0.47259724140167236,-0.08134253323078156,-0.15587636828422546,-0.4712420701980591,-0.09392034262418747,-0.011129452846944332,-0.5910186767578125,-0.1262502819299698,0.012993613258004189,-0.47196733951568604,-0.11567933857440948,-0.020131120458245277,-0.39908045530319214,-0.10290568321943283
33,2,0.0,0.0,0.0,0.0,0.0,0.0,0.0,0.0,0.0,0.00032261013984680176,0.02223271131515503,-3.3627429729676805e-09,0.7756349444389343,-0.15035805106163025,-0.6130113005638123,0.004088312387466431,0.10237637162208557,-2.654381887623458e-07,0.0,0.0,0.0,0.08475788682699203,-0.3192597031593323,-0.009178750216960907,0.05569193884730339,-0.6051928997039795,-0.020109228789806366,0.01672733761370182,-0.8114969730377197,-0.039289116859436035,-0.028741970658302307,-0.9984279870986938,-0.04811877757310867,-0.13731586933135986,-0.7331836223602295,0.006089724134653807,0.005656396504491568,-0.9189692139625549,-0.05835724249482155,0.06732731312513351,-0.7601119875907898,-0.09410510957241058,0.06525823473930359,-0.653323769569397,-0.1125706136226654,-0.17176254093647003,-0.6640634536743164,-0.016976485028862953,0.013671672903001308,-0.8166912794113159,-0.07491537183523178,0.05651357024908066,-0.6375916004180908,-0.0838693380355835,0.033109769225120544,-0.5489313006401062,-0.08344428241252899,-0.17631743848323822,-0.5667005181312561,-0.04974263533949852,0.010848967358469963,-0.7001233696937561,-0.10338062047958374,0.041632115840911865,-0.5377928614616394,-0.08969476819038391,0.010914530605077744,-0.4597829282283783,-0.07333369553089142,-0.15622475743293762,-0.45775502920150757,-0.08539194613695145,-0.012853876687586308,-0.5648511052131653,-0.11667105555534363,0.009391581639647484,-0.44939327239990234,-0.10745017230510712,-0.02516406774520874,-0.3819597661495209,-0.09611504524946213
34,2,0.0,0.0,0.0,0.0,0.0,0.0,0.0,0.0,0.0,0.001006484031677246,0.020238816738128662,9.781473409020691e-09,0.7501834034919739,-0.15849830210208893,-0.6419525742530823,0.005094796419143677,0.12261518836021423,-2.556567153533251e-07,0.0,0.0,0.0,0.08047810941934586,-0.3095334470272064,-0.008166944608092308,0.04951256141066551,-0.5970893502235413,-0.019504889845848083,0.008714607916772366,-0.8085982799530029,-0.038209836930036545,-0.031839460134506226,-0.9984138607978821,-0.0464334562420845,-0.15539012849330902,-0.7378244996070862,0.0005807740380987525,-0.0008399147191084921,-0.9191077351570129,-0.06269994378089905,0.05441749095916748,-0.7511299848556519,-0.09528874605894089,0.04472393915057182,-0.6486013531684875,-0.1128072440624237,-0.18898403644561768,-0.6572105288505554,-0.02395739033818245,0.00583019619807601,-0.8187782168388367,-0.08244773745536804,0.04697331413626671,-0.6321845054626465,-0.08712972700595856,0.021194515749812126,-0.5439398288726807,-0.08398034423589706,-0.19136600196361542,-0.547951877117157,-0.057416439056396484,0.0021047969348728657,-0.6922252178192139,-0.1143813505768776,0.03484286367893219,-0.5242889523506165,-0.09654705971479416,0.004502329509705305,-0.44568338990211487,-0.07666387408971786,-0.16991955041885376,-0.42699429392814636,-0.09314233064651489,-0.02442641742527485,-0.5511382818222046,-0.12646229565143585,-0.0004800790920853615,-0.43711549043655396,-0.11405090242624283,-0.03410547599196434,-0.3695882558822632,-0.09998438507318497
35,2,0.0,0.0,0.0,0.0,0.0,0.0,0.0,0.0,0.0,0.00030365586280822754,0.021396756172180176,1.93124378711218e-08,0.6853446364402771,-0.1513281911611557,-0.7123218774795532,0.005398452281951904,0.1440119445323944,-2.3634427748220332e-07,0.0,0.0,0.0,0.07795265316963196,-0.2997733950614929,-0.0150310592725873,0.04344168305397034,-0.5913207530975342,-0.028432931751012802,-0.002736660884693265,-0.8052482604980469,-0.047766681760549545,-0.05171516165137291,-0.9970296025276184,-0.05707498639822006,-0.1652415692806244,-0.713580310344696,-0.007387959398329258,-0.008864566683769226,-0.9128597378730774,-0.07396309077739716,0.05733722820878029,-0.7639901638031006,-0.10517207533121109,0.05567680299282074,-0.6563642024993896,-0.11904045939445496,-0.20037299394607544,-0.6202536821365356,-0.02864173613488674,-0.005159029271453619,-0.7842319011688232,-0.08717640489339828,0.04259184002876282,-0.6095952987670898,-0.09007622301578522,0.016916608437895775,-0.5288960933685303,-0.08557461947202682,-0.20133620500564575,-0.4946138262748718,-0.05978650227189064,-0.008321055211126804,-0.6467962861061096,-0.1178143322467804,0.029898282140493393,-0.4945469796657562,-0.10106373578310013,-0.0010445757070556283,-0.4291607141494751,-0.08209723234176636,-0.17726781964302063,-0.36286747455596924,-0.0934654250741005,-0.030770765617489815,-0.4972427785396576,-0.12914128601551056,-0.004729950334876776,-0.3935839533805847,-0.11906091868877411,-0.03974835202097893,-0.3314110040664673,-0.10637835413217545
36,2,0.0,0.0,0.0,0.0,0.0,0.0,0.0,0.0,0.0,-0.0006875097751617432,0.028851568698883057,-1.2728804676953587e-08,0.6198847889900208,-0.1339172124862671,-0.7731810212135315,0.004710942506790161,0.17286351323127747,-2.490730821591569e-07,0.0,0.0,0.0,0.07456707954406738,-0.29394158720970154,-0.020658882334828377,0.03812597319483757,-0.6005416512489319,-0.03438494727015495,-0.008816732093691826,-0.8131336569786072,-0.05147045850753784,-0.0621352344751358,-0.996283233165741,-0.059657368808984756,-0.17938463389873505,-0.6989067792892456,-0.022765900939702988,-0.009876972995698452,-0.8794293403625488,-0.0851697102189064,0.04656817391514778,-0.7116063833236694,-0.11543115228414536,0.02826090157032013,-0.6180886626243591,-0.13335296511650085,-0.21676556766033173,-0.5899133682250977,-0.04282686859369278,-0.012267328798770905,-0.741031289100647,-0.09878882020711899,0.02613481879234314,-0.5624045133590698,-0.10223209857940674,-0.010689392685890198,-0.4897221624851227,-0.10214971750974655,-0.21791419386863708,-0.44693657755851746,-0.07143661379814148,-0.022310391068458557,-0.5929411053657532,-0.1260562539100647,0.015648268163204193,-0.4426354169845581,-0.10852957516908646,-0.02050773613154888,-0.3836364448070526,-0.09355457872152328,-0.194258451461792,-0.30258384346961975,-0.10333503037691116,-0.04601285234093666,-0.42881518602371216,-0.14005370438098907,-0.017607737332582474,-0.3285112679004669,-0.13149024546146393,-0.05492934212088585,-0.2721511721611023,-0.12209904938936234
37,2,0.0,0.0,0.0,0.0,0.0,0.0,0.0,0.0,0.0,-0.0005589723587036133,0.02864372730255127,-1.3406804555415874e-08,0.43017181754112244,-0.05586208030581474,-0.9010170698165894,0.004151970148086548,0.20150724053382874,-2.624798867145728e-07,0.0,0.0,0.0,0.07470238953828812,-0.2717951834201813,-0.0311411265283823,0.026709169149398804,-0.6135843396186829,-0.0439579077064991,-0.03753393888473511,-0.8258799910545349,-0.05707395076751709,-0.07825153321027756,-0.994821310043335,-0.06486379355192184,-0.17241458594799042,-0.7363359928131104,-0.036663711071014404,-0.02581918053328991,-0.7842209339141846,-0.10406408458948135,0.014786663465201855,-0.6010186076164246,-0.14913523197174072,-0.03058587573468685,-0.5217524766921997,-0.18044151365756989,-0.23331446945667267,-0.6063057780265808,-0.05194159969687462,-0.04277585446834564,-0.6087661385536194,-0.10575936734676361,-0.005874141119420528,-0.4495363235473633,-0.1208057627081871,-0.05093945190310478,-0.39140936732292175,-0.1351339966058731,-0.2554306089878082,-0.43707355856895447,-0.07592368125915527,-0.06680901348590851,-0.4459291100502014,-0.12297645956277847,-0.02687075175344944,-0.32242998480796814,-0.10956831276416779,-0.06480736285448074,-0.26803627610206604,-0.10431567579507828,-0.25374314188957214,-0.25289657711982727,-0.10546505451202393,-0.10155738890171051,-0.27661189436912537,-0.1338481456041336,-0.06654538959264755,-0.1898074597120285,-0.12497588992118835,-0.09863387048244476,-0.14205221831798553,-0.11919837445020676
38,2,0.0,0.0,0.0,0.0,0.0,0.0,0.0,0.0,0.0,,,,,,,0.0,0.0,0.0,,,,,,,,,,,,,,,,,,,,,,,,,,,,,,,,,,,,,,,,,,,,,,,,,,,,,,,,,,,,,,,
39,2,0.0,0.0,0.0,0.0,0.0,0.0,0.0,0.0,0.0,0.0,0.0,0.0,0.4253919720649719,-0.0976187065243721,-0.8997289538383484,-0.0074669718742370605,0.2982509434223175,-2.418133249193488e-07,0.0,0.0,0.0,0.042949918657541275,-0.38921862840652466,-0.04531077668070793,-0.032969776540994644,-0.7128416299819946,-0.07167255133390427,-0.13166236877441406,-0.8697323799133301,-0.09743791073560715,-0.23351888358592987,-0.9655045866966248,-0.11519429087638855,-0.30450236797332764,-0.7007808089256287,-0.067935511469841,-0.0869133397936821,-0.7547833919525146,-0.15272057056427002,-0.04108723625540733,-0.6153755187988281,-0.21097815036773682,-0.08484134823083878,-0.5672421455383301,-0.2528246343135834,-0.3499094545841217,-0.4772292673587799,-0.084622822701931,-0.0698358342051506,-0.5149371027946472,-0.15706481039524078,-0.050342246890068054,-0.4033423364162445,-0.18489524722099304,-0.1086832657456398,-0.36260396242141724,-0.21121612191200256,-0.34280693531036377,-0.2451585978269577,-0.10965567827224731,-0.08026905357837677,-0.2821493148803711,-0.17236444354057312,-0.062217894941568375,-0.205612450838089,-0.1721167415380478,-0.12184549868106842,-0.1774992048740387,-0.1758696436882019,-0.3070402443408966,-0.031862981617450714,-0.14171159267425537,-0.10014884918928146,-0.06220509856939316,-0.1907849907875061,-0.08852832019329071,-0.027986101806163788,-0.20150883495807648,-0.1525806188583374,-0.006682878360152245,-0.20890340209007263
40,2,0.0,0.0,0.0,0.0,0.0,0.0,0.0,0.0,0.0,0.0003673136234283447,-0.013277411460876465,6.982644862318921e-08,0.31627678871154785,-0.06035851687192917,-0.9467449188232422,-0.007099658250808716,0.28497353196144104,-1.7198686919073225e-07,0.0,0.0,0.0,0.022210286930203438,-0.3841198980808258,-0.06494653970003128,-0.07355289906263351,-0.698314905166626,-0.09778805822134018,-0.19052323698997498,-0.8468247652053833,-0.12465275824069977,-0.3113616108894348,-0.9394247531890869,-0.143300861120224,-0.39699113368988037,-0.6562656760215759,-0.09078248590230942,-0.1594081073999405,-0.6978801488876343,-0.193315789103508,-0.04530845955014229,-0.6095362901687622,-0.2601431608200073,-0.04241254925727844,-0.5712802410125732,-0.30130934715270996,-0.4482593536376953,-0.38722512125968933,-0.09782732278108597,-0.13370351493358612,-0.41734570264816284,-0.17844821512699127,-0.038778290152549744,-0.35221752524375916,-0.20336900651454926,-0.05326489359140396,-0.3331742286682129,-0.2240574210882187,-0.4398762285709381,-0.11144052445888519,-0.11567847430706024,-0.13152149319648743,-0.15304134786128998,-0.19266557693481445,-0.07046256959438324,-0.11221115291118622,-0.18868735432624817,-0.11617626249790192,-0.09136232733726501,-0.18588894605636597,-0.3964492082595825,0.1419590264558792,-0.14149124920368195,-0.15223440527915955,0.10001374036073685,-0.20493845641613007,-0.10138453543186188,0.09563760459423065,-0.213688924908638,-0.14945928752422333,0.10282139480113983,-0.2132975310087204
41,2,0.0,0.0,0.0,0.0,0.0,0.0,0.0,0.0,0.0,0.001821070909500122,0.0017502307891845703,-1.1321250070750466e-07,0.356687068939209,-0.08736232668161392,-0.9301301836967468,-0.005278587341308594,0.2867237627506256,-2.8519934858195484e-07,0.0,0.0,0.0,0.029799237847328186,-0.33532601594924927,-0.04560665413737297,-0.0315760113298893,-0.6566770672798157,-0.07167668640613556,-0.11174920946359634,-0.8385019302368164,-0.0967695489525795,-0.19173653423786163,-0.9747012853622437,-0.1148676648736,-0.29366862773895264,-0.7205690145492554,-0.04493696615099907,-0.09061603248119354,-0.8000687956809998,-0.12153777480125427,-0.02971518784761429,-0.6522607803344727,-0.17748962342739105,-0.06610650569200516,-0.5736334323883057,-0.21764811873435974,-0.343898743391037,-0.5216180682182312,-0.057882294058799744,-0.08092358708381653,-0.5721112489700317,-0.11763237416744232,-0.03479234501719475,-0.4521865248680115,-0.142809197306633,-0.07502572983503342,-0.4126097857952118,-0.1644970178604126,-0.34379953145980835,-0.3039368987083435,-0.08021896332502365,-0.0852222740650177,-0.33858054876327515,-0.1247018575668335,-0.05038265138864517,-0.2509683072566986,-0.11571153998374939,-0.09724266827106476,-0.21313154697418213,-0.11549943685531616,-0.3119428753852844,-0.08134808391332626,-0.11198350787162781,-0.11019670218229294,-0.11818955838680267,-0.1449003666639328,-0.07642549276351929,-0.07263635843992233,-0.1463097780942917,-0.12130648642778397,-0.03510834276676178,-0.14600969851016998
42,2,0.0,0.0,0.0,0.0,0.0,0.0,0.0,0.0,0.0,0.0027104318141937256,-0.024441242218017578,5.470390362916078e-08,0.3943093419075012,-0.09066572040319443,-0.9144942760467529,-0.002568155527114868,0.26228252053260803,-2.3049545916364877e-07,0.0,0.0,0.0,0.042264826595783234,-0.33388546109199524,-0.036846257746219635,-0.008603873662650585,-0.6363728642463684,-0.05814454331994057,-0.08161010593175888,-0.8188270330429077,-0.08179845660924911,-0.1415342390537262,-0.9849878549575806,-0.09882818907499313,-0.2461070567369461,-0.7448242902755737,-0.032271694391965866,-0.0635966807603836,-0.8319278955459595,-0.1053931787610054,-0.014935636892914772,-0.6907737851142883,-0.15588483214378357,-0.05075426399707794,-0.626643717288971,-0.19098986685276031,-0.29505467414855957,-0.5677043199539185,-0.04781545326113701,-0.05729174241423607,-0.6357383131980896,-0.1076471135020256,-0.02474600076675415,-0.5051964521408081,-0.12675164639949799,-0.06496604532003403,-0.46170100569725037,-0.14246831834316254,-0.3009958565235138,-0.36469075083732605,-0.07285508513450623,-0.0747796893119812,-0.4185289740562439,-0.12188376486301422,-0.04726157709956169,-0.31596294045448303,-0.11057145893573761,-0.0858554020524025,-0.27214598655700684,-0.10540340840816498,-0.27983322739601135,-0.15216611325740814,-0.10557158291339874,-0.10528238117694855,-0.21144706010818481,-0.13850928843021393,-0.08294319361448288,-0.15405380725860596,-0.13518443703651428,-0.12398608773946762,-0.10937503725290298,-0.13085612654685974
43,2,0.0,0.0,0.0,0.0,0.0,0.0,0.0,0.0,0.0,0.005528748035430908,-0.023829281330108643,-4.394792085804511e-09,0.396422415971756,-0.0915740504860878,-0.9134896993637085,0.00296059250831604,0.2384532392024994,-2.3489025124945329e-07,0.0,0.0,0.0,0.05578265339136124,-0.3106541335582733,-0.03066108375787735,0.005560629535466433,-0.6181064248085022,-0.046540141105651855,-0.056792281568050385,-0.8125166296958923,-0.06484528630971909,-0.1025029793381691,-0.9917875528335571,-0.07648884505033493,-0.2179686725139618,-0.72812819480896,-0.021598516032099724,-0.038835328072309494,-0.8141128420829773,-0.08361867070198059,0.013585196807980537,-0.6667652726173401,-0.12553603947162628,-0.016712183132767677,-0.597487211227417,-0.15563133358955383,-0.2670290470123291,-0.5780223608016968,-0.03761998936533928,-0.039646781980991364,-0.64617919921875,-0.08865831047296524,0.0016054183943197131,-0.5100491642951965,-0.10313745588064194,-0.03787348419427872,-0.4611670970916748,-0.11554666608572006,-0.2754952311515808,-0.39732471108436584,-0.062286633998155594,-0.06255181133747101,-0.4566323459148407,-0.1103028953075409,-0.02319534681737423,-0.34689298272132874,-0.09786595404148102,-0.0620223805308342,-0.2985461354255676,-0.09042501449584961,-0.2615497410297394,-0.20592379570007324,-0.09286028146743774,-0.09969606250524521,-0.2755827009677887,-0.12615831196308136,-0.06259778887033463,-0.21788284182548523,-0.11902403831481934,-0.09525416046380997,-0.1768636256456375,-0.11116159707307816
44,2,0.0,0.0,0.0,0.0,0.0,0.0,0.0,0.0,0.0,0.00037619471549987793,-0.009262502193450928,-1.851834952049103e-08,0.42357611656188965,-0.08657730370759964,-0.9017137289047241,0.003336787223815918,0.22919073700904846,-2.534085865590896e-07,0.0,0.0,0.0,0.07699072360992432,-0.31204819679260254,-0.022891119122505188,0.04014831408858299,-0.6248846054077148,-0.03175465017557144,-0.01455373503267765,-0.8270467519760132,-0.04415273666381836,-0.06687536835670471,-0.9965819120407104,-0.04849831759929657,-0.16934537887573242,-0.7405406832695007,-0.008446848019957542,-0.02256414107978344,-0.869735836982727,-0.0643882229924202,0.04448618367314339,-0.7273843288421631,-0.09527242928743362,0.040365513414144516,-0.652403712272644,-0.11471910774707794,-0.21968545019626617,-0.6217423677444458,-0.024210523813962936,-0.021321481093764305,-0.7073877453804016,-0.07273714244365692,0.030706031247973442,-0.5560225248336792,-0.08201202005147934,0.003582065226510167,-0.5022037625312805,-0.08688158541917801,-0.23499515652656555,-0.4707992970943451,-0.04885081946849823,-0.034841131418943405,-0.5372249484062195,-0.09865478426218033,0.008981301449239254,-0.4057757556438446,-0.08915933221578598,-0.023914698511362076,-0.35951289534568787,-0.07975213974714279,-0.22913213074207306,-0.31209254264831543,-0.07766851037740707,-0.06854873150587082,-0.3819181025028229,-0.10842433571815491,-0.029153410345315933,-0.2950170636177063,-0.10230424255132675,-0.05780869722366333,-0.24530571699142456,-0.09426683187484741
45,2,0.0,0.0,0.0,0.0,0.0,0.0,0.0,0.0,0.0,0.005848348140716553,-0.009514570236206055,2.598538628717506e-08,0.39168113470077515,-0.08066263794898987,-0.9165584444999695,0.00918513536453247,0.2196761667728424,-2.2742321448276925e-07,0.0,0.0,0.0,0.07376261800527573,-0.289293110370636,-0.024436170235276222,0.031236445531249046,-0.601518452167511,-0.03575580194592476,-0.025298897176980972,-0.8130009770393372,-0.05076116323471069,-0.07559140771627426,-0.995515763759613,-0.056871503591537476,-0.18062935769557953,-0.7506833076477051,-0.011125328950583935,-0.03133906051516533,-0.8706627488136292,-0.07439332455396652,0.035437773913145065,-0.7139197587966919,-0.10866579413414001,0.026031984016299248,-0.628983199596405,-0.12753665447235107,-0.23967307806015015,-0.632957398891449,-0.028117865324020386,-0.03937471657991409,-0.7046710252761841,-0.08027847111225128,0.016290416941046715,-0.5453199744224548,-0.08931706100702286,-0.016628751531243324,-0.4913724362850189,-0.09255174547433853,-0.26216378808021545,-0.47529345750808716,-0.054567012935876846,-0.06184442713856697,-0.5398471355438232,-0.10886425524950027,-0.012587734498083591,-0.40114521980285645,-0.09607306122779846,-0.04915554076433182,-0.35361453890800476,-0.08272389322519302,-0.26109328866004944,-0.30494412779808044,-0.08473842591047287,-0.10373062640428543,-0.37171801924705505,-0.11864129453897476,-0.06027089059352875,-0.2779296338558197,-0.10777097195386887,-0.09123418480157852,-0.22585251927375793,-0.09463214129209518
46,2,0.0,0.0,0.0,0.0,0.0,0.0,0.0,0.0,0.0,-0.0013236403465270996,0.01509404182434082,1.3840335100212542e-08,0.36263102293014526,-0.07841943949460983,-0.9286275506019592,0.007861495018005371,0.23477020859718323,-2.135828793825567e-07,0.0,0.0,0.0,0.06645259261131287,-0.3018365204334259,-0.03658340498805046,-0.0009558421443216503,-0.6268213391304016,-0.048874255269765854,-0.07282212376594543,-0.822455108165741,-0.0611114576458931,-0.13335292041301727,-0.9889820218086243,-0.06427692621946335,-0.23438552021980286,-0.6877309083938599,-0.03345150128006935,-0.07474599778652191,-0.8271559476852417,-0.10322751104831696,-0.013053114525973797,-0.6620281338691711,-0.14067144691944122,-0.04287433996796608,-0.5876145958900452,-0.1632934808731079,-0.28948837518692017,-0.5505043268203735,-0.04500372335314751,-0.07509229332208633,-0.6407809853553772,-0.10562293976545334,-0.032381076365709305,-0.48013800382614136,-0.11564766615629196,-0.07949014753103256,-0.4182418882846832,-0.12172648310661316,-0.30149227380752563,-0.38099029660224915,-0.06698663532733917,-0.09723340719938278,-0.46027156710624695,-0.12081973999738693,-0.056944604963064194,-0.3322172164916992,-0.1068158820271492,-0.10287396609783173,-0.2844037413597107,-0.0972839891910553,-0.2871338129043579,-0.2075602412223816,-0.09459860622882843,-0.1275145560503006,-0.2706158459186554,-0.12969602644443512,-0.09346610307693481,-0.18855589628219604,-0.1252841204404831,-0.13462018966674805,-0.14523963630199432,-0.11990974843502045
47,2,0.0,0.0,0.0,0.0,0.0,0.0,0.0,0.0,0.0,-0.007654637098312378,0.034757018089294434,7.63643015488924e-09,0.3539329171180725,-0.06670618057250977,-0.932888925075531,0.00020685791969299316,0.26952722668647766,-2.0594644922766747e-07,0.0,0.0,0.0,0.052903953939676285,-0.337697297334671,-0.06041739881038666,-0.021522028371691704,-0.6822878122329712,-0.07920172065496445,-0.10582761466503143,-0.863183856010437,-0.09277468919754028,-0.19408532977104187,-0.9761918783187866,-0.09685242176055908,-0.25986066460609436,-0.6584033966064453,-0.05151059851050377,-0.07360178232192993,-0.7169885039329529,-0.13458886742591858,-0.046195901930332184,-0.5778870582580566,-0.19042913615703583,-0.11036768555641174,-0.5316744446754456,-0.23038126528263092,-0.30882295966148376,-0.4742828905582428,-0.0570487342774868,-0.04673297330737114,-0.5025761127471924,-0.1300649344921112,-0.0401061549782753,-0.37799909710884094,-0.15860797464847565,-0.11494132876396179,-0.3427056670188904,-0.18156830966472626,-0.30976298451423645,-0.27790573239326477,-0.07487881928682327,-0.06372097134590149,-0.2907170057296753,-0.13435281813144684,-0.04949413239955902,-0.19474244117736816,-0.12673890590667725,-0.11192379891872406,-0.17032794654369354,-0.12416565418243408,-0.2863900661468506,-0.08399774134159088,-0.10264855623245239,-0.09734909981489182,-0.0948445126414299,-0.14944614470005035,-0.07928656041622162,-0.021661775186657906,-0.15451759099960327,-0.1344071626663208,0.016119755804538727,-0.15570218861103058
48,2,0.0,0.0,0.0,0.0,0.0,0.0,0.0,0.0,0.0,0.0026931166648864746,0.003287971019744873,5.392857360675407e-08,0.328975111246109,-0.07048071175813675,-0.9417047500610352,0.0028999745845794678,0.27281519770622253,-1.520178756209134e-07,0.0,0.0,0.0,0.008562883362174034,-0.3431999981403351,-0.059666238725185394,-0.10092499852180481,-0.6403732895851135,-0.091768778860569,-0.21522922813892365,-0.7926327586174011,-0.11756186932325363,-0.31563258171081543,-0.9391737580299377,-0.1353835165500641,-0.4060186445713043,-0.6442646384239197,-0.09361936897039413,-0.18527117371559143,-0.6723207831382751,-0.19331906735897064,-0.07395246624946594,-0.5652422904968262,-0.25596484541893005,-0.08458752185106277,-0.5130353569984436,-0.2957155704498291,-0.46217846870422363,-0.39379388093948364,-0.10376002639532089,-0.16985701024532318,-0.4182906150817871,-0.18038445711135864,-0.07253865897655487,-0.333454430103302,-0.20209763944149017,-0.10653059184551239,-0.3042488992214203,-0.22189854085445404,-0.45222780108451843,-0.1314886212348938,-0.12347028404474258,-0.17018668353557587,-0.159031942486763,-0.20191892981529236,-0.08778032660484314,-0.11596035212278366,-0.19242024421691895,-0.12778319418430328,-0.10782883316278458,-0.18583685159683228,-0.4044286906719208,0.11754421889781952,-0.15008056163787842,-0.1838953197002411,0.0708523616194725,-0.2130659520626068,-0.10886650532484055,0.06390570849180222,-0.2149006575345993,-0.1354748159646988,0.05695661902427673,-0.20966853201389313
49,2,0.0,0.0,0.0,0.0,0.0,0.0,0.0,0.0,0.0,-0.00247231125831604,0.004786372184753418,-1.1733943949820969e-07,0.32142746448516846,-0.06919731199741364,-0.9444024562835693,0.00042766332626342773,0.27760156989097595,-2.693573151191231e-07,0.0,0.0,0.0,0.030654050409793854,-0.3294923007488251,-0.04878895729780197,-0.043712593615055084,-0.6454610228538513,-0.07354771345853806,-0.1337675005197525,-0.8283822536468506,-0.09707730263471603,-0.21359841525554657,-0.9703721404075623,-0.11293197423219681,-0.3207729160785675,-0.7378059029579163,-0.055115316063165665,-0.11255394667387009,-0.7521020174026489,-0.14512750506401062,-0.025587422773241997,-0.6044104099273682,-0.20286408066749573,-0.04032183438539505,-0.5220481753349304,-0.23843367397785187,-0.38640066981315613,-0.5035310387611389,-0.06862384080886841,-0.0986957997083664,-0.5074766278266907,-0.13908128440380096,-0.02391313947737217,-0.39621591567993164,-0.1604917347431183,-0.05949363112449646,-0.35073646903038025,-0.17397964000701904,-0.39361634850502014,-0.251995325088501,-0.09281235188245773,-0.11034046858549118,-0.2512272298336029,-0.15666499733924866,-0.04461449757218361,-0.18463928997516632,-0.14342449605464935,-0.08633477985858917,-0.16718918085098267,-0.13226667046546936,-0.3675328493118286,0.005887323524802923,-0.1255211979150772,-0.1378040611743927,-0.010200852528214455,-0.1691167950630188,-0.06778927892446518,0.0004636544908862561,-0.1642584353685379,-0.09547154605388641,-0.002955683972686529,-0.1535516232252121
50,2,0.0,0.0,0.0,0.0,0.0,0.0,0.0,0.0,0.0,0.0007265806198120117,-0.004440724849700928,1.6791943835414713e-08,0.362467497587204,-0.05588632822036743,-0.9303193092346191,0.0011542439460754395,0.273160845041275,-2.5256537128370837e-07,0.0,0.0,0.0,0.04302957281470299,-0.33555907011032104,-0.0444963164627552,-0.019907278940081596,-0.6363868713378906,-0.06917290389537811,-0.10965435951948166,-0.8154007196426392,-0.09208851307630539,-0.18785081803798676,-0.9760487079620361,-0.10973086953163147,-0.28155049681663513,-0.7356184720993042,-0.06550642102956772,-0.07820014655590057,-0.7584294676780701,-0.15279047191143036,0.008990761823952198,-0.6180278658866882,-0.2085917443037033,0.009894957765936852,-0.5351685881614685,-0.24189919233322144,-0.34336209297180176,-0.5214008688926697,-0.07748541980981827,-0.07057370245456696,-0.5238470435142517,-0.142409086227417,-0.0005501537234522402,-0.4093608260154724,-0.1608295887708664,-0.02349325641989708,-0.35823947191238403,-0.17513130605220795,-0.35195738077163696,-0.28619882464408875,-0.09819796681404114,-0.08436290919780731,-0.28497400879859924,-0.16042718291282654,-0.02538994327187538,-0.20847485959529877,-0.15038415789604187,-0.05512796714901924,-0.18461129069328308,-0.14252938330173492,-0.3289839029312134,-0.045944347977638245,-0.12541748583316803,-0.11585161834955215,-0.06616900116205215,-0.17027819156646729,-0.0524006262421608,-0.04782606288790703,-0.16676324605941772,-0.07081645727157593,-0.043902963399887085,-0.1581156849861145
51,2,0.0,0.0,0.0,0.0,0.0,0.0,0.0,0.0,0.0,0.0020631253719329834,-0.009998738765716553,3.9400219975505024e-08,0.37114909291267395,-0.047089844942092896,-0.9273785352706909,0.003217369318008423,0.26316210627555847,-2.1316515130820335e-07,0.0,0.0,0.0,0.04376604035496712,-0.32373112440109253,-0.052508655935525894,-0.022469520568847656,-0.6269314289093018,-0.08062781393527985,-0.11234333366155624,-0.8124150037765503,-0.104053795337677,-0.19911065697669983,-0.9724064469337463,-0.121575728058815,-0.30169883370399475,-0.713225781917572,-0.0845281258225441,-0.08902744203805923,-0.7199512720108032,-0.17628934979438782,-0.00015263825480360538,-0.5914626717567444,-0.2348702847957611,-0.012210161425173283,-0.5253894329071045,-0.2705223262310028,-0.36470112204551697,-0.4933210015296936,-0.09434244781732559,-0.07932940870523453,-0.48871174454689026,-0.16278855502605438,-0.005559044890105724,-0.3836044371128082,-0.18102411925792694,-0.0325535386800766,-0.34431055188179016,-0.19610443711280823,-0.37243354320526123,-0.2522532641887665,-0.11273589730262756,-0.09140581637620926,-0.24817092716693878,-0.17887330055236816,-0.034277066588401794,-0.17744523286819458,-0.167781263589859,-0.07144347578287125,-0.15697866678237915,-0.15970304608345032,-0.3465994596481323,-0.0077200341038405895,-0.1383216679096222,-0.12308061122894287,-0.0318872332572937,-0.18925845623016357,-0.06393924355506897,-0.010420314967632294,-0.18719258904457092,-0.08964923769235611,0.0007930895080789924,-0.17918352782726288
